{
  "filmdata": [
    {
      "film_id": "1",
      "film_title": "Top Gun: Maverick",
      "film_shortinfo": "Lorem ipsum dolor sit amet, consectetur adipiscing elit. Maecenas vulputate porttitor pretium. Morbi pharetra faucibus pellentesque. Cras nec venenatis quam. Vivamus cursus sollicitudin elit, nec gravida est rhoncus ut.",
      "film_longinfo": "Lorem ipsum dolor sit amet, consectetur adipiscing elit. Maecenas vulputate porttitor pretium. Morbi pharetra faucibus pellentesque. Cras nec venenatis quam. Vivamus cursus sollicitudin elit, nec gravida est rhoncus ut. Nam tempor est pulvinar, venenatis ex vitae, pulvinar nibh. In porta mollis neque a egestas. Aenean varius lectus nec nunc pulvinar, vel ornare enim rutrum. Curabitur porttitor aliquet pellentesque. Phasellus in dui lacinia, auctor libero vitae, viverra massa.",
      "film_releasedate": "2022-05-24",
      "film_photo": "https:\/\/media.pathe.nl\/nocropthumb\/180x254\/gfx_content\/other\/api\/filmdepot\/v1\/movie\/download\/23464_149503_ps_sd-high.jpg",
      "film_trailer": "https:\/\/pathe-cdp.triple-it.nl\/web\/Top_Gun_Maverick_TRL_web720p_20220330104235.mp4",
      "film_rating": "84",
      "film_length": "128",
      "film_country": "USA",
      "film_director": "Joseph Kosinski",
      "genres": [
        "Actiefilm",
        "Drama"
      ],
      "actors": [
        {
          "firstname": "Tom",
          "lastname": "Cruise",
          "photo_url": "https:\/\/www.themoviedb.org\/t\/p\/w138_and_h175_face\/8qBylBsQf4llkGrWR3qAsOtOU8O.jpg"
        },
        {
          "firstname": "Miles",
          "lastname": "Teller",
          "photo_url": "https:\/\/www.themoviedb.org\/t\/p\/w138_and_h175_face\/cg3LW0xX6RKr8dmescxq1bepcb5.jpg"
        },
        {
          "firstname": "Jennifer",
          "lastname": "Connely",
          "photo_url": "https:\/\/www.themoviedb.org\/t\/p\/w138_and_h175_face\/egh1eOHuYgeoqdlLQgaXMl6cPOm.jpg"
        },
        {
          "firstname": "Jon",
          "lastname": "Hamm",
          "photo_url": "https:\/\/www.themoviedb.org\/t\/p\/w138_and_h175_face\/mrXE5fZbEDPc7BEE5G21J6qrwzi.jpg"
        },
        {
          "firstname": "Glen",
          "lastname": "Powell",
          "photo_url": "https:\/\/www.themoviedb.org\/t\/p\/w138_and_h175_face\/o1UZnQasM49w7OIUiE9YEdS0wqg.jpg"
        },
        {
          "firstname": "Ed",
          "lastname": "Harris",
          "photo_url": "https:\/\/www.themoviedb.org\/t\/p\/w138_and_h175_face\/ryF0KkljweLhPkQ70x6w3u9Qjjj.jpg"
        },
        {
          "firstname": "Val",
          "lastname": "Killmer",
          "photo_url": "https:\/\/www.themoviedb.org\/t\/p\/w138_and_h175_face\/szMi36EOoCuMYeYO9eYqRefEnKo.jpg"
        },
        {
          "firstname": "Lewis",
          "lastname": "Pullman",
          "photo_url": "https:\/\/www.themoviedb.org\/t\/p\/w138_and_h175_face\/66kpxSuPKANxaAqjIyd7F0EuFdR.jpg"
        },
        {
          "firstname": "Charles",
          "lastname": "Parnell",
          "photo_url": "https:\/\/www.themoviedb.org\/t\/p\/w138_and_h175_face\/5cxJNdHIzDiqHRfC6uKgk4ssEqC.jpg"
        }
      ],
      "kijkwijzers": [
        {
          "name": "Mogelijk schadelijk tot 12 jaar",
          "icon_url": "https:\/\/vector.gissen.nl\/kijkwijzer-12.png"
        },
        {
          "name": "Geweld",
          "icon_url": "https:\/\/vector.gissen.nl\/kijkwijzer-geweld.png"
        }
      ]
    },
    {
      "film_id": "2",
      "film_title": "After Ever Happy",
      "film_shortinfo": "Lorem ipsum dolor sit amet, consectetur adipiscing elit. Maecenas vulputate porttitor pretium. Morbi pharetra faucibus pellentesque. Cras nec venenatis quam. Vivamus cursus sollicitudin elit, nec gravida est rhoncus ut.",
      "film_longinfo": "Lorem ipsum dolor sit amet, consectetur adipiscing elit. Maecenas vulputate porttitor pretium. Morbi pharetra faucibus pellentesque. Cras nec venenatis quam. Vivamus cursus sollicitudin elit, nec gravida est rhoncus ut.",
      "film_releasedate": "2022-08-25",
      "film_photo": "https:\/\/media.pathe.nl\/nocropthumb\/360x508\/gfx_content\/other\/api\/filmdepot\/v1\/movie\/download\/34386_152448_ps_sd-high.jpg",
      "film_trailer": "https:\/\/pathe-cdp.triple-it.nl\/web\/After_Ever_Happy_TRL_web720p_20220209113749.mp4",
      "film_rating": "65",
      "film_length": "95",
      "film_country": "USA",
      "film_director": "Castille Landon",
      "genres": [
        "Drama",
        "Romantiek"
      ],
      "actors": [
        {
          "firstname": "Josephine",
          "lastname": "Langford",
          "photo_url": "https:\/\/www.themoviedb.org\/t\/p\/w138_and_h175_face\/4L8UmlXVoJ3rOmkkkjcGE0XsCEz.jpg"
        },
        {
          "firstname": "Hero",
          "lastname": "Fiennes",
          "photo_url": "https:\/\/www.themoviedb.org\/t\/p\/w138_and_h175_face\/6zMrrZvOMH6uGwEFoK0Uo8sZvxL.jpg"
        },
        {
          "firstname": "Chance",
          "lastname": "Perdomo",
          "photo_url": "https:\/\/www.themoviedb.org\/t\/p\/w138_and_h175_face\/xRRDtdHhTewrKMj5cpcmEkPNmuP.jpg"
        },
        {
          "firstname": "Carter",
          "lastname": "Jenkins",
          "photo_url": "https:\/\/www.themoviedb.org\/t\/p\/w138_and_h175_face\/fGVndWC3hgwK1uVrhiyzTUyIaxW.jpg"
        },
        {
          "firstname": "Kiana",
          "lastname": "Madeira",
          "photo_url": "https:\/\/www.themoviedb.org\/t\/p\/w138_and_h175_face\/HgCI95xnSZJaE18d15n7PykOU7.jpg"
        },
        {
          "firstname": "Stephen",
          "lastname": "Moyer",
          "photo_url": "https:\/\/www.themoviedb.org\/t\/p\/w138_and_h175_face\/rQDODAKYgDGSXAShNHMmGGOJI35.jpg"
        },
        {
          "firstname": "Louise",
          "lastname": "Lombard",
          "photo_url": "https:\/\/www.themoviedb.org\/t\/p\/w138_and_h175_face\/6znYbOI2Z8PfzZ6p9jHG5QdAeb2.jpg"
        },
        {
          "firstname": "Mira",
          "lastname": "Sorvino",
          "photo_url": "https:\/\/www.themoviedb.org\/t\/p\/w138_and_h175_face\/3w90zSdBNvMdcxSK0XIsYCzqoba.jpg"
        },
        {
          "firstname": "Arielle",
          "lastname": "Kebbel",
          "photo_url": "https:\/\/www.themoviedb.org\/t\/p\/w138_and_h175_face\/dmYiAeWoeVsRdT4UBBGuW9gBfjQ.jpg"
        }
      ],
      "kijkwijzers": [
        {
          "name": "Mogelijk schadelijk tot 12 jaar",
          "icon_url": "https:\/\/vector.gissen.nl\/kijkwijzer-12.png"
        },
        {
          "name": "Seks",
          "icon_url": "https:\/\/vector.gissen.nl\/kijkwijzer-seks.png"
        },
        {
          "name": "Angst",
          "icon_url": "https:\/\/vector.gissen.nl\/kijkwijzer-eng.png"
        }
      ]
    },
    {
      "film_id": "3",
      "film_title": "Bullet Train",
      "film_shortinfo": "Lorem ipsum dolor sit amet, consectetur adipiscing elit. Maecenas vulputate porttitor pretium. Morbi pharetra faucibus pellentesque. Cras nec venenatis quam. Vivamus cursus sollicitudin elit, nec gravida est rhoncus ut.",
      "film_longinfo": "Lorem ipsum dolor sit amet, consectetur adipiscing elit. Maecenas vulputate porttitor pretium. Morbi pharetra faucibus pellentesque. Cras nec venenatis quam. Vivamus cursus sollicitudin elit, nec gravida est rhoncus ut.",
      "film_releasedate": "2022-08-04",
      "film_photo": "https:\/\/media.pathe.nl\/nocropthumb\/180x254\/gfx_content\/other\/api\/filmdepot\/v1\/movie\/download\/34072_152003_ps_sd-high.jpg",
      "film_trailer": "https:\/\/pathe-cdp.triple-it.nl\/web\/Bullet_Train_TRL_web720p_20220608113847.mp4",
      "film_rating": "75",
      "film_length": "126",
      "film_country": "USA",
      "film_director": "David Leitch",
      "genres": [
        "Actiefilm",
        "Komedie",
        "Thriller"
      ],
      "actors": [
        {
          "firstname": "Brad",
          "lastname": "Pitt",
          "photo_url": "https:\/\/www.themoviedb.org\/t\/p\/w138_and_h175_face\/lnMiSPqrDDvA1juXYc8pnnyKmo9.jpg"
        },
        {
          "firstname": "Joey",
          "lastname": "King",
          "photo_url": "https:\/\/www.themoviedb.org\/t\/p\/w138_and_h175_face\/kL0lWLJA6lbvmPM3YL0ISE6rVr6.jpg"
        },
        {
          "firstname": "Aaron",
          "lastname": "Taylor-Johnson",
          "photo_url": "https:\/\/www.themoviedb.org\/t\/p\/w138_and_h175_face\/ldIRyeraVFHwprWhe8BK441UJYn.jpg"
        },
        {
          "firstname": "Brian",
          "lastname": "Tyree Henry",
          "photo_url": "https:\/\/www.themoviedb.org\/t\/p\/w138_and_h175_face\/cHayMfavRrIlfPHLUl6ARuuI1AT.jpg"
        },
        {
          "firstname": "Andrew",
          "lastname": "Koji",
          "photo_url": "https:\/\/www.themoviedb.org\/t\/p\/w138_and_h175_face\/oU53nWLQ6wFHzERwSi1fD53LxZB.jpg"
        },
        {
          "firstname": "Hiroyuki",
          "lastname": "Sanada",
          "photo_url": "https:\/\/www.themoviedb.org\/t\/p\/w138_and_h175_face\/x6QHfdTvuuOclypoPqtdqQmlaGW.jpg"
        },
        {
          "firstname": "Michael",
          "lastname": "Shannon",
          "photo_url": "https:\/\/www.themoviedb.org\/t\/p\/w138_and_h175_face\/6mMczfjM8CiS1WuBOgo5Xom1TcR.jpg"
        },
        {
          "firstname": "Bad",
          "lastname": "Bunny",
          "photo_url": "https:\/\/www.themoviedb.org\/t\/p\/w138_and_h175_face\/9W0wolhRLqKBpL8afcZnp2Xseu0.jpg"
        },
        {
          "firstname": "Sandra",
          "lastname": "Bullock",
          "photo_url": "https:\/\/www.themoviedb.org\/t\/p\/w138_and_h175_face\/u2tnZ0L2dwrzFKevVANYT5Pb1nE.jpg"
        }
      ],
      "kijkwijzers": [
        {
          "name": "Mogelijk schadelijk tot 16 jaar",
          "icon_url": "https:\/\/vector.gissen.nl\/kijkwijzer-16.png"
        },
        {
          "name": "Geweld",
          "icon_url": "https:\/\/vector.gissen.nl\/kijkwijzer-geweld.png"
        },
        {
          "name": "Grof taalgebruik",
          "icon_url": "https:\/\/vector.gissen.nl\/kijkwijzer-groftaalgebruik.png"
        }
      ]
    },
    {
      "film_id": "4",
      "film_title": "Minions: Hoe gru superschurk werd (NL)",
      "film_shortinfo": "Lorem ipsum dolor sit amet, consectetur adipiscing elit. Maecenas vulputate porttitor pretium. Morbi pharetra faucibus pellentesque. Cras nec venenatis quam. Vivamus cursus sollicitudin elit, nec gravida est rhoncus ut.",
      "film_longinfo": "Lorem ipsum dolor sit amet, consectetur adipiscing elit. Maecenas vulputate porttitor pretium. Morbi pharetra faucibus pellentesque. Cras nec venenatis quam. Vivamus cursus sollicitudin elit, nec gravida est rhoncus ut.",
      "film_releasedate": "2022-06-29",
      "film_photo": "https:\/\/media.pathe.nl\/nocropthumb\/180x254\/gfx_content\/other\/api\/filmdepot\/v1\/movie\/download\/33069_151128_ps_sd-high.jpg",
      "film_trailer": "https:\/\/pathe-cdp.triple-it.nl\/web\/Minions_Hoe_Gru_Superschurk_werd_TRL_web720p_20220404043954.mp4",
      "film_rating": "77",
      "film_length": "88",
      "film_country": "USA",
      "film_director": "Kyle Balda",
      "genres": [
        "Kinderfilm",
        "Animatiefilm"
      ],
      "actors": [
        {
          "firstname": "Steve",
          "lastname": "Carell",
          "photo_url": "https:\/\/www.themoviedb.org\/t\/p\/w138_and_h175_face\/dzJtsLspH5Bf8Tvw7OQC47ETNfJ.jpg"
        }
      ],
      "kijkwijzers": [
        {
          "name": "Mogelijk schadelijk tot 6 jaar",
          "icon_url": "https:\/\/vector.gissen.nl\/kijkwijzer-6.png"
        },
        {
          "name": "Angst",
          "icon_url": "https:\/\/vector.gissen.nl\/kijkwijzer-eng.png"
        },
        {
          "name": "Geweld",
          "icon_url": "https:\/\/vector.gissen.nl\/kijkwijzer-geweld.png"
        }
      ]
    },
    {
      "film_id": "5",
      "film_title": "See how they run",
      "film_shortinfo": "Lorem ipsum dolor sit amet, consectetur adipiscing elit. Maecenas vulputate porttitor pretium. Morbi pharetra faucibus pellentesque. Cras nec venenatis quam. Vivamus cursus sollicitudin elit, nec gravida est rhoncus ut.",
      "film_longinfo": "Lorem ipsum dolor sit amet, consectetur adipiscing elit. Maecenas vulputate porttitor pretium. Morbi pharetra faucibus pellentesque. Cras nec venenatis quam. Vivamus cursus sollicitudin elit, nec gravida est rhoncus ut.",
      "film_releasedate": "2022-09-15",
      "film_photo": "https:\/\/media.pathe.nl\/nocropthumb\/180x254\/gfx_content\/other\/api\/filmdepot\/v1\/movie\/download\/34607_152678_ps_sd-high.jpg",
      "film_trailer": "https:\/\/pathe-cdp.triple-it.nl\/web\/See_How_They_Run_TRL_web720p_20220726012707.mp4",
      "film_rating": "73",
      "film_length": "98",
      "film_country": "USA",
      "film_director": "Tom George",
      "genres": [
        "Mysterie"
      ],
      "actors": [
        {
          "firstname": "Sam",
          "lastname": "Rockwell",
          "photo_url": "https:\/\/www.themoviedb.org\/t\/p\/w138_and_h175_face\/vYpWxV0bnUgKo7SdasfGP9HttUq.jpg"
        },
        {
          "firstname": "Saoirse",
          "lastname": "Ronan",
          "photo_url": "https:\/\/www.themoviedb.org\/t\/p\/w138_and_h175_face\/9buDPdqKN9vbnQLLkHEinDtMrCG.jpg"
        },
        {
          "firstname": "Adrien",
          "lastname": "Brody",
          "photo_url": "https:\/\/www.themoviedb.org\/t\/p\/w138_and_h175_face\/1dBItgLFBNGEXnI48VvnnN2vFaX.jpg"
        },
        {
          "firstname": "Ruth",
          "lastname": "Wilson",
          "photo_url": "https:\/\/www.themoviedb.org\/t\/p\/w138_and_h175_face\/ku1rEYRy1WIqxvcZ6lSQaopBbdV.jpg"
        },
        {
          "firstname": "Reece",
          "lastname": "Shearsmith",
          "photo_url": "https:\/\/www.themoviedb.org\/t\/p\/w138_and_h175_face\/fEpejkayrwRoFYcRd1xamhivxnq.jpg"
        },
        {
          "firstname": "Harris",
          "lastname": "Dickinson",
          "photo_url": "https:\/\/www.themoviedb.org\/t\/p\/w138_and_h175_face\/grbjZDzxBHqHYc0V0ic0Y1M38s.jpg"
        },
        {
          "firstname": "Charlie",
          "lastname": "Cooper",
          "photo_url": "https:\/\/www.themoviedb.org\/t\/p\/w138_and_h175_face\/dhZO1Mn5Y2oi5Jf9XEN1911YZGy.jpg"
        },
        {
          "firstname": "Pippa",
          "lastname": "Bennett-Warner",
          "photo_url": "https:\/\/www.themoviedb.org\/t\/p\/w138_and_h175_face\/715ALI0JYSEVZdoHQiRPij5KK5W.jpg"
        },
        {
          "firstname": "Pearl",
          "lastname": "Chanda",
          "photo_url": "https:\/\/www.themoviedb.org\/t\/p\/w138_and_h175_face\/lzbHtEgzMXp1ZMSaoQjfkv2lwtG.jpg"
        }
      ],
      "kijkwijzers": [
        {
          "name": "Mogelijk schadelijk tot 12 jaar",
          "icon_url": "https:\/\/vector.gissen.nl\/kijkwijzer-12.png"
        },
        {
          "name": "Angst",
          "icon_url": "https:\/\/vector.gissen.nl\/kijkwijzer-eng.png"
        },
        {
          "name": "Geweld",
          "icon_url": "https:\/\/vector.gissen.nl\/kijkwijzer-geweld.png"
        }
      ]
    },
    {
      "film_id": "6",
      "film_title": "Soof 3",
      "film_shortinfo": "Lorem ipsum dolor sit amet, consectetur adipiscing elit. Maecenas vulputate porttitor pretium. Morbi pharetra faucibus pellentesque. Cras nec venenatis quam. Vivamus cursus sollicitudin elit, nec gravida est rhoncus ut.",
      "film_longinfo": "Lorem ipsum dolor sit amet, consectetur adipiscing elit. Maecenas vulputate porttitor pretium. Morbi pharetra faucibus pellentesque. Cras nec venenatis quam. Vivamus cursus sollicitudin elit, nec gravida est rhoncus ut.",
      "film_releasedate": "2022-09-15",
      "film_photo": "https:\/\/media.pathe.nl\/nocropthumb\/180x254\/gfx_content\/other\/api\/filmdepot\/v1\/movie\/download\/32718_143742_ps_sd-high.jpg",
      "film_trailer": "https:\/\/pathe-cdp.triple-it.nl\/web\/Soof__3_TRL_web720p_20201204104642.mp4",
      "film_rating": "80",
      "film_length": "111",
      "film_country": "NL",
      "film_director": "Anne de Clercq",
      "genres": [
        "Drama"
      ],
      "actors": [
        {
          "firstname": "Lies",
          "lastname": "Visschedijk",
          "photo_url": "https:\/\/www.themoviedb.org\/t\/p\/w138_and_h175_face\/6H6Nah0nlmYDAWl3DMwYj32MNEh.jpg"
        },
        {
          "firstname": "Fedja",
          "lastname": "van Huet",
          "photo_url": "https:\/\/www.themoviedb.org\/t\/p\/w138_and_h175_face\/fIN5xMtn1B7XD0HD5Qqg6uZIDd8.jpg"
        },
        {
          "firstname": "Anneke",
          "lastname": "Blok",
          "photo_url": "https:\/\/www.themoviedb.org\/t\/p\/w138_and_h175_face\/pYoIwlJwMxpYeBhI38yMnztKgym.jpg"
        },
        {
          "firstname": "Dan",
          "lastname": "Karaty",
          "photo_url": "https:\/\/www.themoviedb.org\/t\/p\/w138_and_h175_face\/2RF5lt5x3eISuOBpmFJJreHRCdH.jpg"
        },
        {
          "firstname": "Elise",
          "lastname": "Schaap",
          "photo_url": "https:\/\/www.themoviedb.org\/t\/p\/w138_and_h175_face\/oaZZ5qgkGrZAxhrjDJ3y6vzk3f8.jpg"
        },
        {
          "firstname": "Roos",
          "lastname": "Dickmann",
          "photo_url": "https:\/\/www.themoviedb.org\/t\/p\/w138_and_h175_face\/bBedKh2Q5IR9Wyt2icD9sp0FavY.jpg"
        },
        {
          "firstname": "Manpreet",
          "lastname": "Bachu",
          "photo_url": "https:\/\/www.themoviedb.org\/t\/p\/w138_and_h175_face\/Y618R0D8vdIytnhahhrFyuuyzO.jpg"
        }
      ],
      "kijkwijzers": [
        {
          "name": "Mogelijk schadelijk tot 12 jaar",
          "icon_url": "https:\/\/vector.gissen.nl\/kijkwijzer-12.png"
        },
        {
          "name": "Angst",
          "icon_url": "https:\/\/vector.gissen.nl\/kijkwijzer-eng.png"
        },
        {
          "name": "Grof taalgebruik",
          "icon_url": "https:\/\/vector.gissen.nl\/kijkwijzer-groftaalgebruik.png"
        }
      ]
    },
    {
      "film_id": "7",
      "film_title": "Avatar (Re-release)",
      "film_shortinfo": "Lorem ipsum dolor sit amet, consectetur adipiscing elit. Maecenas vulputate porttitor pretium. Morbi pharetra faucibus pellentesque. Cras nec venenatis quam. Vivamus cursus sollicitudin elit, nec gravida est rhoncus ut.",
      "film_longinfo": "Lorem ipsum dolor sit amet, consectetur adipiscing elit. Maecenas vulputate porttitor pretium. Morbi pharetra faucibus pellentesque. Cras nec venenatis quam. Vivamus cursus sollicitudin elit, nec gravida est rhoncus ut.",
      "film_releasedate": "2022-09-22",
      "film_photo": "https:\/\/media.pathe.nl\/nocropthumb\/180x254\/gfx_content\/\/api\/filmdepot\/v1\/movie\/download\/22583\/22583_154399_ps_sd-high.jpg",
      "film_trailer": "https:\/\/pathe-cdp.triple-it.nl\/web\/Avatar_re-release_TRL_web720p_20220824122338.mp4",
      "film_rating": "75",
      "film_length": "162",
      "film_country": "USA",
      "film_director": "James Cameron",
      "genres": [
        "Actiefilm",
        "Avonturenfilm",
        "Fantasyfilm",
        "Sciencefiction"
      ],
      "actors": [
        {
          "firstname": "Sam",
          "lastname": "Worthington",
          "photo_url": "https:\/\/www.themoviedb.org\/t\/p\/w138_and_h175_face\/blKKsHlJIL9PmUQZB8f3YmMBW5Y.jpg"
        },
        {
          "firstname": "Zoe",
          "lastname": "Saldana",
          "photo_url": "https:\/\/www.themoviedb.org\/t\/p\/w138_and_h175_face\/iOVbUH20il632nj2v01NCtYYeSg.jpg"
        },
        {
          "firstname": "Sigourney",
          "lastname": "Weaver",
          "photo_url": "https:\/\/www.themoviedb.org\/t\/p\/w138_and_h175_face\/6JWqXaPEg2kC1gpRAgJLWIbhooj.jpg"
        },
        {
          "firstname": "Stephen",
          "lastname": "Lang",
          "photo_url": "https:\/\/www.themoviedb.org\/t\/p\/w138_and_h175_face\/xEBuFWrCKDQD6r6CZK71GYIc4UW.jpg"
        },
        {
          "firstname": "Michelle",
          "lastname": "Rodriguez",
          "photo_url": "https:\/\/www.themoviedb.org\/t\/p\/w138_and_h175_face\/xSvkVrLz6xas1mCeOR9i4QtmhnQ.jpg"
        },
        {
          "firstname": "Giovanni",
          "lastname": "Ribisi",
          "photo_url": "https:\/\/www.themoviedb.org\/t\/p\/w138_and_h175_face\/xJrjoGhAfufROCiG2C86uYYjqpP.jpg"
        },
        {
          "firstname": "Joel",
          "lastname": "David Moore",
          "photo_url": "https:\/\/www.themoviedb.org\/t\/p\/w138_and_h175_face\/mMVhVglj6BZFuvqAXnEibce08k7.jpg"
        },
        {
          "firstname": "CCH",
          "lastname": "Pounder",
          "photo_url": "https:\/\/www.themoviedb.org\/t\/p\/w138_and_h175_face\/c0ey32ObHhJIQVQYqGejaxOS23x.jpg"
        },
        {
          "firstname": "Wes",
          "lastname": "Studi",
          "photo_url": "https:\/\/www.themoviedb.org\/t\/p\/w138_and_h175_face\/hIi9rjpOR4az0oJfvlx0FnKSJLv.jpg"
        }
      ],
      "kijkwijzers": [
        {
          "name": "Grof taalgebruik",
          "icon_url": "https:\/\/vector.gissen.nl\/kijkwijzer-groftaalgebruik.png"
        },
        {
          "name": "Mogelijk schadelijk tot 12 jaar",
          "icon_url": "https:\/\/vector.gissen.nl\/kijkwijzer-12.png"
        },
        {
          "name": "Angst",
          "icon_url": "https:\/\/vector.gissen.nl\/kijkwijzer-eng.png"
        },
        {
          "name": "Geweld",
          "icon_url": "https:\/\/vector.gissen.nl\/kijkwijzer-geweld.png"
        }
      ]
    },
    {
      "film_id": "8",
      "film_title": "Elvis",
      "film_shortinfo": "Lorem ipsum dolor sit amet, consectetur adipiscing elit. Maecenas vulputate porttitor pretium. Morbi pharetra faucibus pellentesque. Cras nec venenatis quam. Vivamus cursus sollicitudin elit, nec gravida est rhoncus ut.",
      "film_longinfo": "Lorem ipsum dolor sit amet, consectetur adipiscing elit. Maecenas vulputate porttitor pretium. Morbi pharetra faucibus pellentesque. Cras nec venenatis quam. Vivamus cursus sollicitudin elit, nec gravida est rhoncus ut.",
      "film_releasedate": "2022-06-23",
      "film_photo": "https:\/\/media.pathe.nl\/nocropthumb\/180x254\/gfx_content\/other\/api\/filmdepot\/v1\/movie\/download\/33106_150551_ps_sd-high.jpg",
      "film_trailer": "https:\/\/pathe-cdp.triple-it.nl\/web\/Elvis_TRL_web720p_20220524102956.mp4",
      "film_rating": "79",
      "film_length": "159",
      "film_country": "USA",
      "film_director": "Baz Luhrmann",
      "genres": [
        "Drama",
        "Historische drama",
        "Muziekfilm"
      ],
      "actors": [
        {
          "firstname": "Austin",
          "lastname": "Butler",
          "photo_url": "https:\/\/www.themoviedb.org\/t\/p\/w138_and_h175_face\/zyizc36OayhIn3STXR8HXP0nnVm.jpg"
        },
        {
          "firstname": "Tom",
          "lastname": "Hanks",
          "photo_url": "https:\/\/www.themoviedb.org\/t\/p\/w138_and_h175_face\/xndWFsBlClOJFRdhSt4NBwiPq2o.jpg"
        },
        {
          "firstname": "Richard",
          "lastname": "Roxburgh",
          "photo_url": "https:\/\/www.themoviedb.org\/t\/p\/w138_and_h175_face\/de1XpxnOuW4v4fFWFEjmBqmHaRf.jpg"
        },
        {
          "firstname": "Helen",
          "lastname": "Thomson",
          "photo_url": "https:\/\/www.themoviedb.org\/t\/p\/w138_and_h175_face\/uTKMoAEGLbkCHWCuBKbKMM3mR80.jpg"
        },
        {
          "firstname": "Olivia",
          "lastname": "DeJonge",
          "photo_url": "https:\/\/www.themoviedb.org\/t\/p\/w138_and_h175_face\/wsuLRToXghO8qv1nYMnEeppkwdR.jpg"
        },
        {
          "firstname": "Dacre",
          "lastname": "Montgomery",
          "photo_url": "https:\/\/www.themoviedb.org\/t\/p\/w138_and_h175_face\/38jnyqD2HCQVs4zNHktxA2Ko8KN.jpg"
        },
        {
          "firstname": "Kelvin",
          "lastname": "Harrison Jr.",
          "photo_url": "https:\/\/www.themoviedb.org\/t\/p\/w138_and_h175_face\/bQC7SUnUiLw2wxnXGYr9tm7wDLW.jpg"
        },
        {
          "firstname": "Yola",
          "lastname": "",
          "photo_url": "https:\/\/www.themoviedb.org\/t\/p\/w138_and_h175_face\/hg8PhImJHIFDP1s9adcqZsYANq7.jpg"
        },
        {
          "firstname": "David",
          "lastname": "Wenham",
          "photo_url": "https:\/\/www.themoviedb.org\/t\/p\/w138_and_h175_face\/F7CWSqUE75HtrcdqIQ7UMZ9aTX.jpg"
        }
      ],
      "kijkwijzers": [
        {
          "name": "Mogelijk schadelijk tot 12 jaar",
          "icon_url": "https:\/\/vector.gissen.nl\/kijkwijzer-12.png"
        },
        {
          "name": "Discriminatie",
          "icon_url": "https:\/\/vector.gissen.nl\/kijkwijzer-discriminatie.png"
        },
        {
          "name": "Drugs en\/of alcoholmisbruik",
          "icon_url": "https:\/\/vector.gissen.nl\/kijkwijzer-drugs.png"
        },
        {
          "name": "Grof taalgebruik",
          "icon_url": "https:\/\/vector.gissen.nl\/kijkwijzer-groftaalgebruik.png"
        }
      ]
    },
    {
      "film_id": "9",
      "film_title": "Fall",
      "film_shortinfo": "Lorem ipsum dolor sit amet, consectetur adipiscing elit. Maecenas vulputate porttitor pretium. Morbi pharetra faucibus pellentesque. Cras nec venenatis quam. Vivamus cursus sollicitudin elit, nec gravida est rhoncus ut.",
      "film_longinfo": "Lorem ipsum dolor sit amet, consectetur adipiscing elit. Maecenas vulputate porttitor pretium. Morbi pharetra faucibus pellentesque. Cras nec venenatis quam. Vivamus cursus sollicitudin elit, nec gravida est rhoncus ut.",
      "film_releasedate": "2022-09-01",
      "film_photo": "https:\/\/media.pathe.nl\/nocropthumb\/180x254\/gfx_content\/other\/api\/filmdepot\/v1\/movie\/download\/33692_151865_ps_sd-high.jpg",
      "film_trailer": "https:\/\/pathe-cdp.triple-it.nl\/web\/Fall_TRL_web720p_20220714094951.mp4",
      "film_rating": "74",
      "film_length": "107",
      "film_country": "USA",
      "film_director": "Scott Mann",
      "genres": [
        "Thriller"
      ],
      "actors": [
        {
          "firstname": "Grace",
          "lastname": "Caroline Currey",
          "photo_url": "https:\/\/www.themoviedb.org\/t\/p\/w138_and_h175_face\/6chZcnjWEiFfpmB6D5BR9YUeIs9.jpg"
        },
        {
          "firstname": "Virginia",
          "lastname": "Gardner",
          "photo_url": "https:\/\/www.themoviedb.org\/t\/p\/w138_and_h175_face\/1DnNysK267b0te48KCkUlTKoTzj.jpg"
        },
        {
          "firstname": "Jeffrey",
          "lastname": "Dean Morgan",
          "photo_url": "https:\/\/www.themoviedb.org\/t\/p\/w138_and_h175_face\/m8bdrmh6ExDCGQ64E83mHg002YV.jpg"
        },
        {
          "firstname": "Mason",
          "lastname": "Gooding",
          "photo_url": "https:\/\/www.themoviedb.org\/t\/p\/w138_and_h175_face\/bmlry1xqBzNgv8Chm783ss93Cvg.jpg"
        },
        {
          "firstname": "Jasper",
          "lastname": "Cole",
          "photo_url": "https:\/\/www.themoviedb.org\/t\/p\/w138_and_h175_face\/18mmNj8eKPn9a1n3G0yvy650Bd8.jpg"
        },
        {
          "firstname": "Darrell",
          "lastname": "Dennis",
          "photo_url": "https:\/\/www.themoviedb.org\/t\/p\/w138_and_h175_face\/2jOo4B5Nn9oGuzgx1UfoQs0MMCj.jpg"
        },
        {
          "firstname": "Julia",
          "lastname": "Pace Mitchell",
          "photo_url": "https:\/\/www.themoviedb.org\/t\/p\/w138_and_h175_face\/6iavMrm8BhUJiGpZDSKmfGKgpK6.jpg"
        }
      ],
      "kijkwijzers": [
        {
          "name": "Mogelijk schadelijk tot 16 jaar",
          "icon_url": "https:\/\/vector.gissen.nl\/kijkwijzer-16.png"
        },
        {
          "name": "Mogelijk schadelijk tot 16 jaar",
          "icon_url": "https:\/\/vector.gissen.nl\/kijkwijzer-16.png"
        },
        {
          "name": "Angst",
          "icon_url": "https:\/\/vector.gissen.nl\/kijkwijzer-eng.png"
        },
        {
          "name": "Grof taalgebruik",
          "icon_url": "https:\/\/vector.gissen.nl\/kijkwijzer-groftaalgebruik.png"
        }
      ]
    },
    {
      "film_id": "11",
      "film_title": "Where the crawdads sing",
      "film_shortinfo": "Lorem ipsum dolor sit amet, consectetur adipiscing elit. Maecenas vulputate porttitor pretium. Morbi pharetra faucibus pellentesque. Cras nec venenatis quam. Vivamus cursus sollicitudin elit, nec gravida est rhoncus ut.",
      "film_longinfo": "Lorem ipsum dolor sit amet, consectetur adipiscing elit. Maecenas vulputate porttitor pretium. Morbi pharetra faucibus pellentesque. Cras nec venenatis quam. Vivamus cursus sollicitudin elit, nec gravida est rhoncus ut.",
      "film_releasedate": "2022-07-28",
      "film_photo": "https:\/\/media.pathe.nl\/nocropthumb\/180x254\/gfx_content\/other\/api\/filmdepot\/v1\/movie\/download\/34019_152065_ps_sd-high.jpg",
      "film_trailer": "https:\/\/pathe-cdp.triple-it.nl\/web\/Where_the_Crawdads_Sing_TRL_web720p_20220518122702.mp4",
      "film_rating": "74",
      "film_length": "125",
      "film_country": "USA",
      "film_director": "Olivia Newman",
      "genres": [
        "Drama",
        "Mysterie",
        "Thriller"
      ],
      "actors": [
        {
          "firstname": "Daisy",
          "lastname": "Edgar-Jones",
          "photo_url": "https:\/\/www.themoviedb.org\/t\/p\/w138_and_h175_face\/uhrgWinc0W2Q1K0ynUmyTaWd8dv.jpg"
        },
        {
          "firstname": "Taylor",
          "lastname": "John Smith",
          "photo_url": "https:\/\/www.themoviedb.org\/t\/p\/w138_and_h175_face\/6dXZRf8ePa1oxQN9a5hFGEjDoI0.jpg"
        },
        {
          "firstname": "Harris",
          "lastname": "Dickinson",
          "photo_url": "https:\/\/www.themoviedb.org\/t\/p\/w138_and_h175_face\/grbjZDzxBHqHYc0V0ic0Y1M38s.jpg"
        },
        {
          "firstname": "Michael",
          "lastname": "Hyatt",
          "photo_url": "https:\/\/www.themoviedb.org\/t\/p\/w138_and_h175_face\/zXJ1mV2NlZuWYgTj8eTuUFhCgp5.jpg"
        },
        {
          "firstname": "David",
          "lastname": "Strathairn",
          "photo_url": "https:\/\/www.themoviedb.org\/t\/p\/w138_and_h175_face\/fhkvTcrCDPTAclTnE7sqQS1NZKq.jpg"
        },
        {
          "firstname": "Garret",
          "lastname": "Dillahunt",
          "photo_url": "https:\/\/www.themoviedb.org\/t\/p\/w138_and_h175_face\/9ISUezmwt2Hnm2do6Mg75EyAwgE.jpg"
        },
        {
          "firstname": "Eric",
          "lastname": "Ladin",
          "photo_url": "https:\/\/www.themoviedb.org\/t\/p\/w138_and_h175_face\/7uX4JUqMmPdrC550BeJWalMv72Y.jpg"
        },
        {
          "firstname": "Ahna",
          "lastname": "O Reilly",
          "photo_url": "https:\/\/www.themoviedb.org\/t\/p\/w138_and_h175_face\/jjBVwF7Rtt7sutuFaaXzXb0tE1h.jpg"
        }
      ],
      "kijkwijzers": [
        {
          "name": "Mogelijk schadelijk tot 12 jaar",
          "icon_url": "https:\/\/vector.gissen.nl\/kijkwijzer-12.png"
        },
        {
          "name": "Angst",
          "icon_url": "https:\/\/vector.gissen.nl\/kijkwijzer-eng.png"
        },
        {
          "name": "Geweld",
          "icon_url": "https:\/\/vector.gissen.nl\/kijkwijzer-geweld.png"
        },
        {
          "name": "Grof taalgebruik",
          "icon_url": "https:\/\/vector.gissen.nl\/kijkwijzer-groftaalgebruik.png"
        }
      ]
    },
    {
      "film_id": "12",
      "film_title": "One piece film: Red one",
      "film_shortinfo": "Lorem ipsum dolor sit amet, consectetur adipiscing elit. Maecenas vulputate porttitor pretium. Morbi pharetra faucibus pellentesque. Cras nec venenatis quam. Vivamus cursus sollicitudin elit, nec gravida est rhoncus ut.",
      "film_longinfo": "Lorem ipsum dolor sit amet, consectetur adipiscing elit. Maecenas vulputate porttitor pretium. Morbi pharetra faucibus pellentesque. Cras nec venenatis quam. Vivamus cursus sollicitudin elit, nec gravida est rhoncus ut.",
      "film_releasedate": "2022-09-08",
      "film_photo": "https:\/\/media.pathe.nl\/nocropthumb\/180x254\/gfx_content\/\/api\/filmdepot\/v1\/movie\/download\/34647\/34647_152963_ps_sd-high.jpg",
      "film_trailer": "https:\/\/pathe-cdp.triple-it.nl\/web\/One_Piece_TRL_web720p_20220809112238.mp4",
      "film_rating": "74",
      "film_length": "115",
      "film_country": "JPN",
      "film_director": "Goro Taniguchi",
      "genres": [
        "Actiefilm",
        "Avonturenfilm",
        "Fantasyfilm",
        "Animatiefilm"
      ],
      "actors": [
        {
          "firstname": "Shuuichi",
          "lastname": "Ikeda",
          "photo_url": "https:\/\/www.themoviedb.org\/t\/p\/w138_and_h175_face\/b6jZTV9sGC0W5ZuMTuDj1rF4VN9.jpg"
        },
        {
          "firstname": "Mayumi",
          "lastname": "Tanaka",
          "photo_url": "https:\/\/www.themoviedb.org\/t\/p\/w138_and_h175_face\/dWh2Y3bQkSjPv3c7kyy5P6M3PLS.jpg"
        },
        {
          "firstname": "Kazuya",
          "lastname": "Nakai",
          "photo_url": "https:\/\/www.themoviedb.org\/t\/p\/w138_and_h175_face\/78PKViY7brjF3AJI8h3tXyUyYT7.jpg"
        },
        {
          "firstname": "Akemi",
          "lastname": "Okamura",
          "photo_url": "https:\/\/www.themoviedb.org\/t\/p\/w138_and_h175_face\/qEwVfsrA23SCzRZMSlghw2sHctQ.jpg"
        },
        {
          "firstname": "Kappei",
          "lastname": "Yamaguchi",
          "photo_url": "https:\/\/www.themoviedb.org\/t\/p\/w138_and_h175_face\/sbeWiK7FuUvPqF4yG6XR5CkPAqF.jpg"
        },
        {
          "firstname": "Hiroaki",
          "lastname": "Hirata",
          "photo_url": "https:\/\/www.themoviedb.org\/t\/p\/w138_and_h175_face\/mMWEdlssJm3TVuXW4Wb7pQeX20Z.jpg"
        },
        {
          "firstname": "Ikue",
          "lastname": "Otani",
          "photo_url": "https:\/\/www.themoviedb.org\/t\/p\/w138_and_h175_face\/my8LBLQ4MsK4hRz1PAATIqtieaI.jpg"
        },
        {
          "firstname": "Yuriko",
          "lastname": "Yamaguchi",
          "photo_url": "https:\/\/www.themoviedb.org\/t\/p\/w138_and_h175_face\/7e3BXCPv0X2pqwfdfW52n7VDFmI.jpg"
        },
        {
          "firstname": "Kazuki",
          "lastname": "Yao",
          "photo_url": "https:\/\/www.themoviedb.org\/t\/p\/w138_and_h175_face\/gWVK0ws65UVH1Pe8ok8oBnDf9Vf.jpg"
        }
      ],
      "kijkwijzers": [
        {
          "name": "Alle leeftijden",
          "icon_url": "https:\/\/vector.gissen.nl\/kijkwijzer-AL.png"
        }
      ]
    }
  ]
}